{"cameraMode":{"drawMode":0,"name":"Shaded","section":"Shading Mode"},"sceneLighting":true,"audioPlay":false,"sceneViewState":{"m_AlwaysRefresh":false,"showFog":true,"showSkybox":true,"showFlares":true,"showImageEffects":true,"showParticleSystems":true,"showVisualEffectGraphs":true,"m_FxEnabled":true},"in2DMode":false,"pivot":{"x":12.843151092529297,"y":-37.67919158935547,"z":16.17314910888672},"rotation":{"x":0.7119826674461365,"y":-0.006542786490172148,"z":0.0066430349834263329,"w":0.7022083401679993},"size":181.9322967529297,"orthographic":false}